sample,g1,g2,g3
s1,6.6427407,6.9920816,12.879603
s2,6.5025005,7.163077,12.868872
s3,6.707896,7.134427,12.874268
s4,6.5583925,6.9184813,12.8702545
